<metadata xml:lang="en"><Esri><CreaDate>20170509</CreaDate><CreaTime>11080600</CreaTime><ArcGISFormat>1.0</ArcGISFormat><SyncOnce>FALSE</SyncOnce><DataProperties><lineage><Process ToolSource="c:\program files (x86)\arcgis\desktop10.2\ArcToolbox\Toolboxes\Data Management Tools.tbx\CreateFeatureclass" Date="20170509" Time="110806">CreateFeatureclass C:\sqgis04_swmGis_sde.sde WATERSHED_HUC12 POLYGON C:\SDE@ORSWM00.sde\GIS.STORMWATER\GIS.WATERSHED_HUC12 SAME_AS_TEMPLATE SAME_AS_TEMPLATE "PROJCS['NAD_1983_StatePlane_Texas_North_Central_FIPS_4202_Feet',GEOGCS['GCS_North_American_1983',DATUM['D_North_American_1983',SPHEROID['GRS_1980',6378137.0,298.257222101]],PRIMEM['Greenwich',0.0],UNIT['Degree',0.0174532925199433]],PROJECTION['Lambert_Conformal_Conic'],PARAMETER['False_Easting',1968500.0],PARAMETER['False_Northing',6561666.666666666],PARAMETER['Central_Meridian',-98.5],PARAMETER['Standard_Parallel_1',32.13333333333333],PARAMETER['Standard_Parallel_2',33.96666666666667],PARAMETER['Latitude_Of_Origin',31.66666666666667],UNIT['Foot_US',0.3048006096012192]];-123407700 -86123500 3048.00609601219;-100000 10000;-100000 10000;3.28083333333333E-03;0.001;0.001;IsHighPrecision" # 0 0 0</Process><Process ToolSource="c:\program files (x86)\arcgis\desktop10.2\ArcToolbox\Toolboxes\Data Management Tools.tbx\Append" Date="20170509" Time="120604">Append C:\SDE@ORSWM00.sde\GIS.WATERSHED_HUC12 C:\sqgis04_swmGis_sde.sde\swmGIS.SDE.WATERSHED_HUC12 NO_TEST "OBJECTID "OBJECTID" true true false 8 Double 0 10 ,First,#,C:\SDE@ORSWM00.sde\GIS.WATERSHED_HUC12,OBJECTID,-1,-1;HUC_8 "HUC_8" true true false 8 Text 0 0 ,First,#,C:\SDE@ORSWM00.sde\GIS.WATERSHED_HUC12,HUC_8,-1,-1;HUC_10 "HUC_10" true true false 10 Text 0 0 ,First,#,C:\SDE@ORSWM00.sde\GIS.WATERSHED_HUC12,HUC_10,-1,-1;HUC_12 "HUC_12" true true false 12 Text 0 0 ,First,#,C:\SDE@ORSWM00.sde\GIS.WATERSHED_HUC12,HUC_12,-1,-1;HU_12_NAME "HU_12_NAME" true true false 80 Text 0 0 ,First,#,C:\SDE@ORSWM00.sde\GIS.WATERSHED_HUC12,HU_12_NAME,-1,-1;HU_12_MOD "HU_12_MOD" true true false 20 Text 0 0 ,First,#,C:\SDE@ORSWM00.sde\GIS.WATERSHED_HUC12,HU_12_MOD,-1,-1;HU_12_TYPE "HU_12_TYPE" true true false 1 Text 0 0 ,First,#,C:\SDE@ORSWM00.sde\GIS.WATERSHED_HUC12,HU_12_TYPE,-1,-1;HU_12_DS "HU_12_DS" true true false 12 Text 0 0 ,First,#,C:\SDE@ORSWM00.sde\GIS.WATERSHED_HUC12,HU_12_DS,-1,-1;HU_12_ACRE "HU_12_ACRE" true true false 8 Double 8 19 ,First,#,C:\SDE@ORSWM00.sde\GIS.WATERSHED_HUC12,HU_12_ACRE,-1,-1;HU_12_SQMI "HU_12_SQMI" true true false 8 Double 8 19 ,First,#,C:\SDE@ORSWM00.sde\GIS.WATERSHED_HUC12,HU_12_SQMI,-1,-1;TWM_HUC12_CODE "TWM_HUC12_CODE" true true false 20 Text 0 0 ,First,#,C:\SDE@ORSWM00.sde\GIS.WATERSHED_HUC12,TWM_HUC12_CODE,-1,-1;SHAPE.STArea() "SHAPE.STArea()" false false true 0 Double 0 0 ,First,#;SHAPE.STLength() "SHAPE.STLength()" false false true 0 Double 0 0 ,First,#" #</Process><Process ToolSource="c:\program files (x86)\arcgis\desktop10.2\ArcToolbox\Toolboxes\Data Management Tools.tbx\DeleteFeatures" Date="20170809" Time="161225">DeleteFeatures C:\sqgis04_swmGis_sde.sde\swmGIS.SDE.WATERSHED_HUC12</Process><Process ToolSource="c:\program files (x86)\arcgis\desktop10.2\ArcToolbox\Toolboxes\Data Management Tools.tbx\DeleteFeatures" Date="20170809" Time="161445">DeleteFeatures C:\sqgis04_swmGis_sde.sde\swmGIS.SDE.WATERSHED_HUC12</Process><Process ToolSource="c:\program files (x86)\arcgis\desktop10.2\ArcToolbox\Toolboxes\Data Management Tools.tbx\Append" Date="20170809" Time="162417">Append C:\SDE@ORSWM00.sde\GIS.WATERSHED_HUC12 C:\sqgis04_swmGis_sde.sde\swmGIS.SDE.WATERSHED_HUC12 NO_TEST "OBJECTID "OBJECTID" true true false 8 Double 0 10 ,First,#,C:\SDE@ORSWM00.sde\GIS.WATERSHED_HUC12,OBJECTID,-1,-1;HUC_8 "HUC_8" true true false 8 Text 0 0 ,First,#,C:\SDE@ORSWM00.sde\GIS.WATERSHED_HUC12,HUC_8,-1,-1;HUC_10 "HUC_10" true true false 10 Text 0 0 ,First,#,C:\SDE@ORSWM00.sde\GIS.WATERSHED_HUC12,HUC_10,-1,-1;HUC_12 "HUC_12" true true false 12 Text 0 0 ,First,#,C:\SDE@ORSWM00.sde\GIS.WATERSHED_HUC12,HUC_12,-1,-1;HU_12_NAME "HU_12_NAME" true true false 80 Text 0 0 ,First,#,C:\SDE@ORSWM00.sde\GIS.WATERSHED_HUC12,HU_12_NAME,-1,-1;HU_12_MOD "HU_12_MOD" true true false 20 Text 0 0 ,First,#,C:\SDE@ORSWM00.sde\GIS.WATERSHED_HUC12,HU_12_MOD,-1,-1;HU_12_TYPE "HU_12_TYPE" true true false 1 Text 0 0 ,First,#,C:\SDE@ORSWM00.sde\GIS.WATERSHED_HUC12,HU_12_TYPE,-1,-1;HU_12_DS "HU_12_DS" true true false 12 Text 0 0 ,First,#,C:\SDE@ORSWM00.sde\GIS.WATERSHED_HUC12,HU_12_DS,-1,-1;HU_12_ACRE "HU_12_ACRE" true true false 8 Double 8 19 ,First,#,C:\SDE@ORSWM00.sde\GIS.WATERSHED_HUC12,HU_12_ACRE,-1,-1;HU_12_SQMI "HU_12_SQMI" true true false 8 Double 8 19 ,First,#,C:\SDE@ORSWM00.sde\GIS.WATERSHED_HUC12,HU_12_SQMI,-1,-1;TWM_HUC12_CODE "TWM_HUC12_CODE" true true false 20 Text 0 0 ,First,#,C:\SDE@ORSWM00.sde\GIS.WATERSHED_HUC12,TWM_HUC12_CODE,-1,-1;SHAPE.STArea() "SHAPE.STArea()" false false true 0 Double 0 0 ,First,#;SHAPE.STLength() "SHAPE.STLength()" false false true 0 Double 0 0 ,First,#" #</Process><Process ToolSource="c:\program files (x86)\arcgis\desktop10.2\ArcToolbox\Toolboxes\Data Management Tools.tbx\DeleteFeatures" Date="20170809" Time="164732">DeleteFeatures C:\sqgis04_swmGis_sde.sde\swmGIS.SDE.WATERSHED_HUC12</Process><Process ToolSource="c:\program files (x86)\arcgis\desktop10.2\ArcToolbox\Toolboxes\Data Management Tools.tbx\Append" Date="20170809" Time="165636">Append C:\SDE@ORSWM00.sde\GIS.WATERSHED_HUC12 C:\sqgis04_swmGis_sde.sde\swmGIS.SDE.WATERSHED_HUC12 NO_TEST "OBJECTID "OBJECTID" true true false 8 Double 0 10 ,First,#,C:\SDE@ORSWM00.sde\GIS.WATERSHED_HUC12,OBJECTID,-1,-1;HUC_8 "HUC_8" true true false 8 Text 0 0 ,First,#,C:\SDE@ORSWM00.sde\GIS.WATERSHED_HUC12,HUC_8,-1,-1;HUC_10 "HUC_10" true true false 10 Text 0 0 ,First,#,C:\SDE@ORSWM00.sde\GIS.WATERSHED_HUC12,HUC_10,-1,-1;HUC_12 "HUC_12" true true false 12 Text 0 0 ,First,#,C:\SDE@ORSWM00.sde\GIS.WATERSHED_HUC12,HUC_12,-1,-1;HU_12_NAME "HU_12_NAME" true true false 80 Text 0 0 ,First,#,C:\SDE@ORSWM00.sde\GIS.WATERSHED_HUC12,HU_12_NAME,-1,-1;HU_12_MOD "HU_12_MOD" true true false 20 Text 0 0 ,First,#,C:\SDE@ORSWM00.sde\GIS.WATERSHED_HUC12,HU_12_MOD,-1,-1;HU_12_TYPE "HU_12_TYPE" true true false 1 Text 0 0 ,First,#,C:\SDE@ORSWM00.sde\GIS.WATERSHED_HUC12,HU_12_TYPE,-1,-1;HU_12_DS "HU_12_DS" true true false 12 Text 0 0 ,First,#,C:\SDE@ORSWM00.sde\GIS.WATERSHED_HUC12,HU_12_DS,-1,-1;HU_12_ACRE "HU_12_ACRE" true true false 8 Double 8 19 ,First,#,C:\SDE@ORSWM00.sde\GIS.WATERSHED_HUC12,HU_12_ACRE,-1,-1;HU_12_SQMI "HU_12_SQMI" true true false 8 Double 8 19 ,First,#,C:\SDE@ORSWM00.sde\GIS.WATERSHED_HUC12,HU_12_SQMI,-1,-1;TWM_HUC12_CODE "TWM_HUC12_CODE" true true false 20 Text 0 0 ,First,#,C:\SDE@ORSWM00.sde\GIS.WATERSHED_HUC12,TWM_HUC12_CODE,-1,-1;SHAPE.STArea() "SHAPE.STArea()" false false true 0 Double 0 0 ,First,#;SHAPE.STLength() "SHAPE.STLength()" false false true 0 Double 0 0 ,First,#" #</Process><Process ToolSource="c:\program files (x86)\arcgis\desktop10.2\ArcToolbox\Toolboxes\Data Management Tools.tbx\DeleteFeatures" Date="20180103" Time="165623">DeleteFeatures C:\sqgis04_swmGis_sde.sde\swmGIS.SDE.WATERSHED_HUC12</Process><Process ToolSource="c:\program files (x86)\arcgis\desktop10.2\ArcToolbox\Toolboxes\Data Management Tools.tbx\Append" Date="20180103" Time="170326">Append C:\SDE@ORSWM00.sde\GIS.STORMWATER\GIS.WATERSHED_HUC12 C:\sqgis04_swmGis_sde.sde\swmGIS.SDE.WATERSHED_HUC12 NO_TEST "OBJECTID "OBJECTID" true true false 8 Double 0 10 ,First,#,C:\SDE@ORSWM00.sde\GIS.STORMWATER\GIS.WATERSHED_HUC12,OBJECTID,-1,-1;HUC_8 "HUC_8" true true false 8 Text 0 0 ,First,#,C:\SDE@ORSWM00.sde\GIS.STORMWATER\GIS.WATERSHED_HUC12,HUC_8,-1,-1;HUC_10 "HUC_10" true true false 10 Text 0 0 ,First,#,C:\SDE@ORSWM00.sde\GIS.STORMWATER\GIS.WATERSHED_HUC12,HUC_10,-1,-1;HUC_12 "HUC_12" true true false 12 Text 0 0 ,First,#,C:\SDE@ORSWM00.sde\GIS.STORMWATER\GIS.WATERSHED_HUC12,HUC_12,-1,-1;HU_12_NAME "HU_12_NAME" true true false 80 Text 0 0 ,First,#,C:\SDE@ORSWM00.sde\GIS.STORMWATER\GIS.WATERSHED_HUC12,HU_12_NAME,-1,-1;HU_12_MOD "HU_12_MOD" true true false 20 Text 0 0 ,First,#,C:\SDE@ORSWM00.sde\GIS.STORMWATER\GIS.WATERSHED_HUC12,HU_12_MOD,-1,-1;HU_12_TYPE "HU_12_TYPE" true true false 1 Text 0 0 ,First,#,C:\SDE@ORSWM00.sde\GIS.STORMWATER\GIS.WATERSHED_HUC12,HU_12_TYPE,-1,-1;HU_12_DS "HU_12_DS" true true false 12 Text 0 0 ,First,#,C:\SDE@ORSWM00.sde\GIS.STORMWATER\GIS.WATERSHED_HUC12,HU_12_DS,-1,-1;HU_12_ACRE "HU_12_ACRE" true true false 8 Double 8 19 ,First,#,C:\SDE@ORSWM00.sde\GIS.STORMWATER\GIS.WATERSHED_HUC12,HU_12_ACRE,-1,-1;HU_12_SQMI "HU_12_SQMI" true true false 8 Double 8 19 ,First,#,C:\SDE@ORSWM00.sde\GIS.STORMWATER\GIS.WATERSHED_HUC12,HU_12_SQMI,-1,-1;TWM_HUC12_CODE "TWM_HUC12_CODE" true true false 20 Text 0 0 ,First,#,C:\SDE@ORSWM00.sde\GIS.STORMWATER\GIS.WATERSHED_HUC12,TWM_HUC12_CODE,-1,-1;SHAPE.STArea() "SHAPE.STArea()" false false true 0 Double 0 0 ,First,#;SHAPE.STLength() "SHAPE.STLength()" false false true 0 Double 0 0 ,First,#" #</Process><Process ToolSource="c:\program files (x86)\arcgis\desktop10.2\ArcToolbox\Toolboxes\Data Management Tools.tbx\DeleteFeatures" Date="20180611" Time="151037">DeleteFeatures D:\Scripts\DatabaseMaintenance\Connections\sqgis04_swmGis_sde.sde\swmGIS.SDE.WATERSHED_HUC12</Process><Process ToolSource="c:\program files (x86)\arcgis\desktop10.2\ArcToolbox\Toolboxes\Data Management Tools.tbx\Append" Date="20180611" Time="151650">Append D:\Scripts\DatabaseMaintenance\Connections\SDE@ORSWM00.sde\GIS.STORMWATER\GIS.WATERSHED_HUC12 D:\Scripts\DatabaseMaintenance\Connections\sqgis04_swmGis_sde.sde\swmGIS.SDE.WATERSHED_HUC12 NO_TEST "OBJECTID "OBJECTID" true true false 8 Double 0 10 ,First,#,D:\Scripts\DatabaseMaintenance\Connections\SDE@ORSWM00.sde\GIS.STORMWATER\GIS.WATERSHED_HUC12,OBJECTID,-1,-1;HUC_8 "HUC_8" true true false 8 Text 0 0 ,First,#,D:\Scripts\DatabaseMaintenance\Connections\SDE@ORSWM00.sde\GIS.STORMWATER\GIS.WATERSHED_HUC12,HUC_8,-1,-1;HUC_10 "HUC_10" true true false 10 Text 0 0 ,First,#,D:\Scripts\DatabaseMaintenance\Connections\SDE@ORSWM00.sde\GIS.STORMWATER\GIS.WATERSHED_HUC12,HUC_10,-1,-1;HUC_12 "HUC_12" true true false 12 Text 0 0 ,First,#,D:\Scripts\DatabaseMaintenance\Connections\SDE@ORSWM00.sde\GIS.STORMWATER\GIS.WATERSHED_HUC12,HUC_12,-1,-1;HU_12_NAME "HU_12_NAME" true true false 80 Text 0 0 ,First,#,D:\Scripts\DatabaseMaintenance\Connections\SDE@ORSWM00.sde\GIS.STORMWATER\GIS.WATERSHED_HUC12,HU_12_NAME,-1,-1;HU_12_MOD "HU_12_MOD" true true false 20 Text 0 0 ,First,#,D:\Scripts\DatabaseMaintenance\Connections\SDE@ORSWM00.sde\GIS.STORMWATER\GIS.WATERSHED_HUC12,HU_12_MOD,-1,-1;HU_12_TYPE "HU_12_TYPE" true true false 1 Text 0 0 ,First,#,D:\Scripts\DatabaseMaintenance\Connections\SDE@ORSWM00.sde\GIS.STORMWATER\GIS.WATERSHED_HUC12,HU_12_TYPE,-1,-1;HU_12_DS "HU_12_DS" true true false 12 Text 0 0 ,First,#,D:\Scripts\DatabaseMaintenance\Connections\SDE@ORSWM00.sde\GIS.STORMWATER\GIS.WATERSHED_HUC12,HU_12_DS,-1,-1;HU_12_ACRE "HU_12_ACRE" true true false 8 Double 8 19 ,First,#,D:\Scripts\DatabaseMaintenance\Connections\SDE@ORSWM00.sde\GIS.STORMWATER\GIS.WATERSHED_HUC12,HU_12_ACRE,-1,-1;HU_12_SQMI "HU_12_SQMI" true true false 8 Double 8 19 ,First,#,D:\Scripts\DatabaseMaintenance\Connections\SDE@ORSWM00.sde\GIS.STORMWATER\GIS.WATERSHED_HUC12,HU_12_SQMI,-1,-1;TWM_HUC12_CODE "TWM_HUC12_CODE" true true false 20 Text 0 0 ,First,#,D:\Scripts\DatabaseMaintenance\Connections\SDE@ORSWM00.sde\GIS.STORMWATER\GIS.WATERSHED_HUC12,TWM_HUC12_CODE,-1,-1;SHAPE.STArea() "SHAPE.STArea()" false false true 0 Double 0 0 ,First,#;SHAPE.STLength() "SHAPE.STLength()" false false true 0 Double 0 0 ,First,#" #</Process><Process ToolSource="c:\program files (x86)\arcgis\desktop10.2\ArcToolbox\Toolboxes\Data Management Tools.tbx\ChangePrivileges" Date="20190624" Time="170851">ChangePrivileges D:\DataConnections\sqgis04_swmGis_sde.sde\swmGIS.SDE.FC_WARNING_SYSTEM;D:\DataConnections\sqgis04_swmGis_sde.sde\swmGIS.SDE.FloodControl_Sensors;D:\DataConnections\sqgis04_swmGis_sde.sde\swmGIS.SDE.FloodControl_WarningSystem;D:\DataConnections\sqgis04_swmGis_sde.sde\swmGIS.SDE.LOCATOR_MAP_GRID;D:\DataConnections\sqgis04_swmGis_sde.sde\swmGIS.SDE.MAPSCO;D:\DataConnections\sqgis04_swmGis_sde.sde\swmGIS.SDE.PUMP_STATIONS;D:\DataConnections\sqgis04_swmGis_sde.sde\swmGIS.SDE.RESTRICTED_AREAS;D:\DataConnections\sqgis04_swmGis_sde.sde\swmGIS.SDE.STORM_GAUGES;D:\DataConnections\sqgis04_swmGis_sde.sde\swmGIS.SDE.SUMPS;D:\DataConnections\sqgis04_swmGis_sde.sde\swmGIS.SDE.SW_LINES;D:\DataConnections\sqgis04_swmGis_sde.sde\swmGIS.SDE.SW_NODES;D:\DataConnections\sqgis04_swmGis_sde.sde\swmGIS.SDE.WATERSHED_HUC12;D:\DataConnections\sqgis04_swmGis_sde.sde\swmGIS.SDE.WATERWAYS;D:\DataConnections\sqgis04_swmGis_sde.sde\swmGIS.SDE.WET_WEATHER;D:\DataConnections\sqgis04_swmGis_sde.sde\swmGIS.SDE.WQ_MONITORING dataeditor GRANT GRANT</Process><Process ToolSource="c:\program files (x86)\arcgis\desktop10.2\ArcToolbox\Toolboxes\Data Management Tools.tbx\ChangePrivileges" Date="20190911" Time="131206">ChangePrivileges D:\Scripts\DatabaseMaintenance\Connections\sqgis04_swmGis_sde.sde\swmGIS.SDE.WATERSHED_HUC12 datareader GRANT #</Process><Process ToolSource="c:\program files (x86)\arcgis\desktop10.6\ArcToolbox\Toolboxes\Data Management Tools.tbx\CopyFeatures" Date="20200305" Time="001507">CopyFeatures lyr \\apgis08\scripts\shp\Swm_public\WATERSHED_HUC12.shp # 0 0 0</Process></lineage><itemProps><itemName Sync="TRUE">WATERSHED_HUC12</itemName><imsContentType Sync="TRUE">002</imsContentType><nativeExtBox><westBL Sync="TRUE">2386448.725504</westBL><eastBL Sync="TRUE">2621442.280778</eastBL><southBL Sync="TRUE">6872967.759973</southBL><northBL Sync="TRUE">7102362.557088</northBL><exTypeCode Sync="TRUE">1</exTypeCode></nativeExtBox><itemLocation><linkage Sync="TRUE">file://\\apgis08\scripts\shp\Swm_public\WATERSHED_HUC12.shp</linkage><protocol Sync="TRUE">Local Area Network</protocol></itemLocation><itemSize Sync="TRUE">0.000</itemSize></itemProps><coordRef><type Sync="TRUE">Projected</type><geogcsn Sync="TRUE">GCS_North_American_1983</geogcsn><csUnits Sync="TRUE">Linear Unit: Foot_US (0.304801)</csUnits><projcsn Sync="TRUE">NAD_1983_StatePlane_Texas_North_Central_FIPS_4202_Feet</projcsn><peXml Sync="TRUE">&lt;ProjectedCoordinateSystem xsi:type='typens:ProjectedCoordinateSystem' xmlns:xsi='http://www.w3.org/2001/XMLSchema-instance' xmlns:xs='http://www.w3.org/2001/XMLSchema' xmlns:typens='http://www.esri.com/schemas/ArcGIS/10.6'&gt;&lt;WKT&gt;PROJCS[&amp;quot;NAD_1983_StatePlane_Texas_North_Central_FIPS_4202_Feet&amp;quot;,GEOGCS[&amp;quot;GCS_North_American_1983&amp;quot;,DATUM[&amp;quot;D_North_American_1983&amp;quot;,SPHEROID[&amp;quot;GRS_1980&amp;quot;,6378137.0,298.257222101]],PRIMEM[&amp;quot;Greenwich&amp;quot;,0.0],UNIT[&amp;quot;Degree&amp;quot;,0.0174532925199433]],PROJECTION[&amp;quot;Lambert_Conformal_Conic&amp;quot;],PARAMETER[&amp;quot;False_Easting&amp;quot;,1968500.0],PARAMETER[&amp;quot;False_Northing&amp;quot;,6561666.666666666],PARAMETER[&amp;quot;Central_Meridian&amp;quot;,-98.5],PARAMETER[&amp;quot;Standard_Parallel_1&amp;quot;,32.13333333333333],PARAMETER[&amp;quot;Standard_Parallel_2&amp;quot;,33.96666666666667],PARAMETER[&amp;quot;Latitude_Of_Origin&amp;quot;,31.66666666666667],UNIT[&amp;quot;Foot_US&amp;quot;,0.3048006096012192],AUTHORITY[&amp;quot;EPSG&amp;quot;,2276]]&lt;/WKT&gt;&lt;XOrigin&gt;-123407700&lt;/XOrigin&gt;&lt;YOrigin&gt;-86123500&lt;/YOrigin&gt;&lt;XYScale&gt;35920690.11000888&lt;/XYScale&gt;&lt;ZOrigin&gt;-100000&lt;/ZOrigin&gt;&lt;ZScale&gt;10000&lt;/ZScale&gt;&lt;MOrigin&gt;-100000&lt;/MOrigin&gt;&lt;MScale&gt;10000&lt;/MScale&gt;&lt;XYTolerance&gt;0.0032808333333333331&lt;/XYTolerance&gt;&lt;ZTolerance&gt;0.001&lt;/ZTolerance&gt;&lt;MTolerance&gt;0.001&lt;/MTolerance&gt;&lt;HighPrecision&gt;true&lt;/HighPrecision&gt;&lt;WKID&gt;102738&lt;/WKID&gt;&lt;LatestWKID&gt;2276&lt;/LatestWKID&gt;&lt;/ProjectedCoordinateSystem&gt;</peXml></coordRef></DataProperties><SyncDate>20200305</SyncDate><SyncTime>00150600</SyncTime><ModDate>20200305</ModDate><ModTime>00150600</ModTime></Esri><dataIdInfo><envirDesc Sync="TRUE"> Version 6.2 (Build 9200) ; Esri ArcGIS 10.6.1.9270</envirDesc><dataLang><languageCode value="eng" Sync="TRUE"/><countryCode value="USA" Sync="TRUE"/></dataLang><idCitation><resTitle Sync="TRUE">WATERSHED_HUC12</resTitle><presForm><PresFormCd value="005" Sync="TRUE"/></presForm></idCitation><spatRpType><SpatRepTypCd value="001" Sync="TRUE"/></spatRpType><dataExt><geoEle><GeoBndBox esriExtentType="search"><exTypeCode Sync="TRUE">1</exTypeCode><westBL Sync="TRUE">-97.144066</westBL><eastBL Sync="TRUE">-96.366747</eastBL><northBL Sync="TRUE">33.145399</northBL><southBL Sync="TRUE">32.504233</southBL></GeoBndBox></geoEle></dataExt></dataIdInfo><mdLang><languageCode value="eng" Sync="TRUE"/><countryCode value="USA" Sync="TRUE"/></mdLang><distInfo><distFormat><formatName Sync="TRUE">Shapefile</formatName></distFormat><distTranOps><transSize Sync="TRUE">0.000</transSize></distTranOps></distInfo><mdHrLv><ScopeCd value="005" Sync="TRUE"/></mdHrLv><mdHrLvName Sync="TRUE">dataset</mdHrLvName><refSysInfo><RefSystem><refSysID><identCode code="2276" Sync="TRUE"/><idCodeSpace Sync="TRUE">EPSG</idCodeSpace><idVersion Sync="TRUE">5.3(9.0.0)</idVersion></refSysID></RefSystem></refSysInfo><spatRepInfo><VectSpatRep><geometObjs Name="WATERSHED_HUC12"><geoObjTyp><GeoObjTypCd value="002" Sync="TRUE"></GeoObjTypCd></geoObjTyp><geoObjCnt Sync="TRUE">0</geoObjCnt></geometObjs><topLvl><TopoLevCd value="001" Sync="TRUE"></TopoLevCd></topLvl></VectSpatRep></spatRepInfo><spdoinfo><ptvctinf><esriterm Name="WATERSHED_HUC12"><efeatyp Sync="TRUE">Simple</efeatyp><efeageom code="4" Sync="TRUE"></efeageom><esritopo Sync="TRUE">FALSE</esritopo><efeacnt Sync="TRUE">0</efeacnt><spindex Sync="TRUE">FALSE</spindex><linrefer Sync="TRUE">FALSE</linrefer></esriterm></ptvctinf></spdoinfo><eainfo><detailed Name="WATERSHED_HUC12"><enttyp><enttypl Sync="TRUE">WATERSHED_HUC12</enttypl><enttypt Sync="TRUE">Feature Class</enttypt><enttypc Sync="TRUE">0</enttypc></enttyp><attr><attrlabl Sync="TRUE">FID</attrlabl><attalias Sync="TRUE">FID</attalias><attrtype Sync="TRUE">OID</attrtype><attwidth Sync="TRUE">4</attwidth><atprecis Sync="TRUE">0</atprecis><attscale Sync="TRUE">0</attscale><attrdef Sync="TRUE">Internal feature number.</attrdef><attrdefs Sync="TRUE">Esri</attrdefs><attrdomv><udom Sync="TRUE">Sequential unique whole numbers that are automatically generated.</udom></attrdomv></attr><attr><attrlabl Sync="TRUE">OBJECTID</attrlabl><attalias Sync="TRUE">OBJECTID</attalias><attrtype Sync="TRUE">Integer</attrtype><attwidth Sync="TRUE">10</attwidth><atprecis Sync="TRUE">10</atprecis><attscale Sync="TRUE">0</attscale></attr><attr><attrlabl Sync="TRUE">HUC_8</attrlabl><attalias Sync="TRUE">HUC_8</attalias><attrtype Sync="TRUE">String</attrtype><attwidth Sync="TRUE">8</attwidth><atprecis Sync="TRUE">0</atprecis><attscale Sync="TRUE">0</attscale></attr><attr><attrlabl Sync="TRUE">HUC_10</attrlabl><attalias Sync="TRUE">HUC_10</attalias><attrtype Sync="TRUE">String</attrtype><attwidth Sync="TRUE">10</attwidth><atprecis Sync="TRUE">0</atprecis><attscale Sync="TRUE">0</attscale></attr><attr><attrlabl Sync="TRUE">HUC_12</attrlabl><attalias Sync="TRUE">HUC_12</attalias><attrtype Sync="TRUE">String</attrtype><attwidth Sync="TRUE">12</attwidth><atprecis Sync="TRUE">0</atprecis><attscale Sync="TRUE">0</attscale></attr><attr><attrlabl Sync="TRUE">HU_12_NAME</attrlabl><attalias Sync="TRUE">HU_12_NAME</attalias><attrtype Sync="TRUE">String</attrtype><attwidth Sync="TRUE">80</attwidth><atprecis Sync="TRUE">0</atprecis><attscale Sync="TRUE">0</attscale></attr><attr><attrlabl Sync="TRUE">HU_12_MOD</attrlabl><attalias Sync="TRUE">HU_12_MOD</attalias><attrtype Sync="TRUE">String</attrtype><attwidth Sync="TRUE">20</attwidth><atprecis Sync="TRUE">0</atprecis><attscale Sync="TRUE">0</attscale></attr><attr><attrlabl Sync="TRUE">HU_12_TYPE</attrlabl><attalias Sync="TRUE">HU_12_TYPE</attalias><attrtype Sync="TRUE">String</attrtype><attwidth Sync="TRUE">1</attwidth><atprecis Sync="TRUE">0</atprecis><attscale Sync="TRUE">0</attscale></attr><attr><attrlabl Sync="TRUE">HU_12_DS</attrlabl><attalias Sync="TRUE">HU_12_DS</attalias><attrtype Sync="TRUE">String</attrtype><attwidth Sync="TRUE">12</attwidth><atprecis Sync="TRUE">0</atprecis><attscale Sync="TRUE">0</attscale></attr><attr><attrlabl Sync="TRUE">HU_12_ACRE</attrlabl><attalias Sync="TRUE">HU_12_ACRE</attalias><attrtype Sync="TRUE">Double</attrtype><attwidth Sync="TRUE">19</attwidth><atprecis Sync="TRUE">18</atprecis><attscale Sync="TRUE">8</attscale></attr><attr><attrlabl Sync="TRUE">HU_12_SQMI</attrlabl><attalias Sync="TRUE">HU_12_SQMI</attalias><attrtype Sync="TRUE">Double</attrtype><attwidth Sync="TRUE">19</attwidth><atprecis Sync="TRUE">18</atprecis><attscale Sync="TRUE">8</attscale></attr><attr><attrlabl Sync="TRUE">SHAPE</attrlabl><attalias Sync="TRUE">Shape</attalias><attrtype Sync="TRUE">Geometry</attrtype><attwidth Sync="TRUE">0</attwidth><atprecis Sync="TRUE">0</atprecis><attscale Sync="TRUE">0</attscale><attrdef Sync="TRUE">Feature geometry.</attrdef><attrdefs Sync="TRUE">Esri</attrdefs><attrdomv><udom Sync="TRUE">Coordinates defining the features.</udom></attrdomv></attr><attr><attrlabl Sync="TRUE">TWM_HUC12_</attrlabl><attalias Sync="TRUE">TWM_HUC12_</attalias><attrtype Sync="TRUE">String</attrtype><attwidth Sync="TRUE">20</attwidth><atprecis Sync="TRUE">0</atprecis><attscale Sync="TRUE">0</attscale></attr><attr><attrlabl Sync="TRUE">SHAPE_STAr</attrlabl><attalias Sync="TRUE">SHAPE_STAr</attalias><attrtype Sync="TRUE">Double</attrtype><attwidth Sync="TRUE">19</attwidth><atprecis Sync="TRUE">0</atprecis><attscale Sync="TRUE">0</attscale></attr><attr><attrlabl Sync="TRUE">SHAPE_STLe</attrlabl><attalias Sync="TRUE">SHAPE_STLe</attalias><attrtype Sync="TRUE">Double</attrtype><attwidth Sync="TRUE">19</attwidth><atprecis Sync="TRUE">0</atprecis><attscale Sync="TRUE">0</attscale></attr></detailed></eainfo><mdDateSt Sync="TRUE">20200305</mdDateSt></metadata>
